5000,module,ietf-schc
5001,feature,compression
5002,feature,fragmentation
5003,,
5004,,
5005,,
5006,,
5007,,
5008,,
5009,,
5010,,
5011,,
5012,,
5013,,
5014,,
5015,,
5016,,
5017,,
5018,,
5019,,
5020,,
5021,,
5022,,
5023,data,/ietf-schc:schc
5024,,
5025,,
5026,,
5027,,
5028,,
5029,data,
5030,data,/ietf-schc:schc/rule/window-size
5031,data,/ietf-schc:schc/rule/w-size
5032,data,/ietf-schc:schc/rule/tile-size
5033,data,/ietf-schc:schc/rule/tile-in-all-1
5034,data,/ietf-schc:schc/rule/rule-nature
5035,data,/ietf-schc:schc/rule/rule-id-value
5036,data,/ietf-schc:schc/rule/rule-id-length
5037,data,/ietf-schc:schc/rule/retransmission-timer/ticks-numbers
5038,data,/ietf-schc:schc/rule/retransmission-timer/ticks-duration
5039,data,/ietf-schc:schc/rule/retransmission-timer
5040,data,/ietf-schc:schc/rule/rcs-algorithm
5041,data,/ietf-schc:schc/rule/maximum-packet-size
5042,data,/ietf-schc:schc/rule/max-interleaved-frames
5043,data,/ietf-schc:schc/rule/dtag-size
5044,data,/ietf-schc:schc/rule/direction
5045,data,/ietf-schc:schc/rule/ack-behavior
5046,data,/ietf-schc:schc/rule
5047,data,/ietf-schc:schc/rule/fcn-size
5048,data,/ietf-schc:schc/rule/fragmentation-mode
5049,data,/ietf-schc:schc/rule/inactivity-timer
5050,data,/ietf-schc:schc/rule/inactivity-timer/ticks-duration
5051,data,/ietf-schc:schc/rule/inactivity-timer/ticks-numbers
5052,data,/ietf-schc:schc/rule/l2-word-size
5053,data,/ietf-schc:schc/rule/max-ack-requests
5054,,
5055,,
5056,,
5057,,
5058,,
5059,,
5060,data,/ietf-schc:schc/rule/entry/field-length
5061,data,/ietf-schc:schc/rule/entry/field-position
5062,data,/ietf-schc:schc/rule/entry/matching-operator
5063,data,/ietf-schc:schc/rule/entry/matching-operator-value
5064,data,/ietf-schc:schc/rule/entry/matching-operator-value/index
5065,data,/ietf-schc:schc/rule/entry/matching-operator-value/value
5066,data,/ietf-schc:schc/rule/entry/target-value
5067,data,/ietf-schc:schc/rule/entry/target-value/index
5068,data,/ietf-schc:schc/rule/entry/target-value/value
5069,data,/ietf-schc:schc/rule/entry
5070,data,/ietf-schc:schc/rule/entry-option-space
5071,data,/ietf-schc:schc/rule/entry-option-space/comp-decomp-action
5072,data,/ietf-schc:schc/rule/entry-option-space/comp-decomp-action-value
5073,data,/ietf-schc:schc/rule/entry-option-space/comp-decomp-action-value/index
5074,data,/ietf-schc:schc/rule/entry-option-space/comp-decomp-action-value/value
5075,data,/ietf-schc:schc/rule/entry-option-space/direction-indicator
5076,data,/ietf-schc:schc/rule/entry-option-space/field-length
5077,data,/ietf-schc:schc/rule/entry-option-space/field-position
5078,data,/ietf-schc:schc/rule/entry-option-space/matching-operator
5079,data,/ietf-schc:schc/rule/entry-option-space/matching-operator-value
5080,data,/ietf-schc:schc/rule/entry-option-space/matching-operator-value/index
5081,data,/ietf-schc:schc/rule/entry-option-space/matching-operator-value/value
5082,data,/ietf-schc:schc/rule/entry-option-space/option-value
5083,data,/ietf-schc:schc/rule/entry-option-space/space-id
5084,data,/ietf-schc:schc/rule/entry-option-space/target-value
5085,data,/ietf-schc:schc/rule/entry-option-space/target-value/index
5086,data,/ietf-schc:schc/rule/entry-option-space/target-value/value
5087,data,/ietf-schc:schc/rule/entry/comp-decomp-action
5088,data,/ietf-schc:schc/rule/entry/comp-decomp-action-value
5089,data,/ietf-schc:schc/rule/entry/comp-decomp-action-value/index
5090,data,/ietf-schc:schc/rule/entry/comp-decomp-action-value/value
5091,data,/ietf-schc:schc/rule/entry/direction-indicator
5092,data,/ietf-schc:schc/rule/entry/field-id
5093,,
5094,,
5095,,
5096,,
5097,,
5098,,
5099,,
5100,identity,ack-behavior-after-all-0
5101,identity,ack-behavior-after-all-1
5102,identity,ack-behavior-base-type
5103,identity,ack-behavior-by-layer2
5104,identity,all-1-data-base-type
5105,identity,all-1-data-no
5106,identity,all-1-data-sender-choice
5107,identity,all-1-data-yes
5108,identity,cda-appiid
5109,identity,cda-base-type
5110,identity,cda-compute
5111,identity,cda-deviid
5112,identity,cda-lsb
5113,identity,cda-mapping-sent
5114,identity,cda-not-sent
5115,identity,cda-value-sent
5116,identity,di-base-type
5117,identity,di-bidirectional
5118,identity,di-down
5119,identity,di-up
5120,identity,fid-base-type
5121,identity,fid-coap-base-type
5122,identity,fid-coap-code
5123,identity,fid-coap-code-class
5124,identity,fid-coap-code-detail
5125,identity,fid-coap-mid
5126,identity,fid-coap-option
5127,identity,fid-coap-option-accept
5128,identity,fid-coap-option-block1
5129,identity,fid-coap-option-block2
5130,identity,fid-coap-option-content-format
5131,identity,fid-coap-option-etag
5132,identity,fid-coap-option-if-match
5133,identity,fid-coap-option-if-none-match
5134,identity,fid-coap-option-location-path
5135,identity,fid-coap-option-location-query
5136,identity,fid-coap-option-max-age
5137,identity,fid-coap-option-no-response
5138,identity,fid-coap-option-observe
5139,identity,fid-coap-option-oscore-flags
5140,identity,fid-coap-option-oscore-kid
5141,identity,fid-coap-option-oscore-kidctx
5142,identity,fid-coap-option-oscore-piv
5143,identity,fid-coap-option-proxy-scheme
5144,identity,fid-coap-option-proxy-uri
5145,identity,fid-coap-option-size1
5146,identity,fid-coap-option-size2
5147,identity,fid-coap-option-uri-host
5148,identity,fid-coap-option-uri-path
5149,identity,fid-coap-option-uri-port
5150,identity,fid-coap-option-uri-query
5151,identity,fid-coap-tkl
5152,identity,fid-coap-token
5153,identity,fid-coap-type
5154,identity,fid-coap-version
5155,identity,fid-ipv6-appiid
5156,identity,fid-ipv6-appprefix
5157,identity,fid-ipv6-base-type
5158,identity,fid-ipv6-deviid
5159,identity,fid-ipv6-devprefix
5160,identity,fid-ipv6-flowlabel
5161,identity,fid-ipv6-hoplimit
5162,identity,fid-ipv6-nextheader
5163,identity,fid-ipv6-payload-length
5164,identity,fid-ipv6-trafficclass
5165,identity,fid-ipv6-trafficclass-ds
5166,identity,fid-ipv6-trafficclass-ecn
5167,identity,fid-ipv6-version
5168,identity,fid-oscore-base-type
5169,identity,fid-udp-app-port
5170,identity,fid-udp-base-type
5171,identity,fid-udp-checksum
5172,identity,fid-udp-dev-port
5173,identity,fid-udp-length
5174,identity,fl-base-type
5175,identity,fl-token-length
5176,identity,fl-variable
5177,identity,fragmentation-mode-ack-always
5178,identity,fragmentation-mode-ack-on-error
5179,identity,fragmentation-mode-base-type
5180,identity,fragmentation-mode-no-ack
5181,identity,mo-base-type
5182,identity,mo-equal
5183,identity,mo-ignore
5184,identity,mo-match-mapping
5185,identity,mo-msb
5186,identity,nature-base-type
5187,identity,nature-compression
5188,identity,nature-fragmentation
5189,identity,nature-no-compression
5190,identity,rcs-algorithm-base-type
5191,identity,rcs-crc32
5192,identity,space-id-base-type
5193,identity,space-id-coap
5194,,
5195,,
5196,,
5197,,
5198,,
5199,,
5200,,
5201,,
5202,,
5203,,
5204,,
5205,,
5206,,
5207,,
5208,,
5209,,
5210,,
5211,,
5212,,
5213,,
5214,,
5215,,
5216,,
5217,,
5218,,
5219,,
5220,,
5221,,
5222,,
5223,,
5224,,
5225,,
5226,,
5227,,
5228,,
5229,,
5230,,
5231,,
5232,,
5233,,
5234,,
5235,,
5236,,
5237,,
5238,,
5239,,
5240,,
5241,,
5242,,
5243,,
5244,,
5245,,
5246,,
5247,,
5248,,
5249,,