5000;;
5001;;
5002;;
5003;;
5004;;
5005;;
5006;;
5007;;
5008;;
5009;;
5010;;
5011;;
5012;;
5013;;
5014;;
5015;;
5016;;
5017;;
5018;;
5019;;
5020;;
5021;;
5022;module;ietf-schc-opt
5023;module;ietf-schc
5024;data;/ietf-schc:schc
5025;;
5026;;
5027;;
5028;;
5029;;
5030;;
5031;;
5032;;
5033;;
5034;;
5035;;
5036;;
5037;;
5038;;
5039;;
5040;;
5041;;
5042;;
5043;data;/ietf-schc:schc/rule/fcn-size
5044;data;/ietf-schc:schc/rule/w-size
5045;data;/ietf-schc:schc/rule/direction
5046;data;/ietf-schc:schc/rule/fragmentation-mode
5047;data;/ietf-schc:schc/rule
5048;data;/ietf-schc:schc/rule/rule-id-length
5049;data;/ietf-schc:schc/rule/rule-id-value
5050;data;/ietf-schc:schc/rule/rule-nature
5051;data;/ietf-schc:schc/rule/ietf-schc-access-control:ac-modify-rule
5052;data;/ietf-schc:schc/rule/ietf-schc-opt:entry-option-space
5053;data;/ietf-schc:schc/rule/ietf-schc-opt:entry-option-space/comp-decomp-action
5054;data;/ietf-schc:schc/rule/ietf-schc-opt:entry-option-space/comp-decomp-action-value
5055;data;/ietf-schc:schc/rule/ietf-schc-opt:entry-option-space/comp-decomp-action-value/index
5056;data; /ietf-schc:schc/rule/ietf-schc-opt:entry-option-space/comp-decomp-action-value/value
5057;data;/ietf-schc:schc/rule/ietf-schc-opt:entry-option-space/direction-indicator
5058;data;/ietf-schc:schc/rule/ietf-schc-opt:entry-option-space/field-length
5059;data;/ietf-schc:schc/rule/ietf-schc-opt:entry-option-space/field-position
5060;data;/ietf-schc:schc/rule/ietf-schc-opt:entry-option-space/matching-operator
5061;data;/ietf-schc:schc/rule/ietf-schc-opt:entry-option-space/matching-operator-value
5062;data;/ietf-schc:schc/rule/ietf-schc-opt:entry-option-space/matching-operator-value/index
5063;data;/ietf-schc:schc/rule/ietf-schc-opt:entry-option-space/matching-operator-value/value
5064;data;/ietf-schc:schc/rule/ietf-schc-opt:entry-option-space/option-value
5065;data;/ietf-schc:schc/rule/ietf-schc-opt:entry-option-space/space-id
5066;data;/ietf-schc:schc/rule/ietf-schc-opt:entry-option-space/target-value
5067;data;/ietf-schc:schc/rule/ietf-schc-opt:entry-option-space/target-value/index
5068;data;/ietf-schc:schc/rule/ietf-schc-opt:entry-option-space/target-value/value
5069;data;/ietf-schc:schc/rule/entry/ietf-schc-access-control:ac-modify-field
5070;data;/ietf-schc:schc/rule/entry
5071;data;/ietf-schc:schc/rule/entry/comp-decomp-action
5072;data;/ietf-schc:schc/rule/entry/comp-decomp-action-value
5073;data;/ietf-schc:schc/rule/entry/comp-decomp-action-value/index
5074;data;/ietf-schc:schc/rule/entry/comp-decomp-action-value/value
5075;data;/ietf-schc:schc/rule/entry/direction-indicator
5076;data;/ietf-schc:schc/rule/entry/field-id
5077;data;/ietf-schc:schc/rule/entry/field-length
5078;data;/ietf-schc:schc/rule/entry/field-position
5079;data;/ietf-schc:schc/rule/entry/matching-operator
5080;data;/ietf-schc:schc/rule/entry/matching-operator-value
5081;data;/ietf-schc:schc/rule/entry/matching-operator-value/index
5082;data;/ietf-schc:schc/rule/entry/matching-operator-value/value
5083;data;/ietf-schc:schc/rule/entry/target-value
5084;data;/ietf-schc:schc/rule/entry/target-value/index
5085;data;/ietf-schc:schc/rule/entry/target-value/value
5086;;
5087;;
5088;;
5089;;
5090;;
5091;;
5092;;
5093;;
5094;data;/ietf-schc:schc/rule/ack-behavior
5095;;
5096;data;/ietf-schc:schc/rule/dtag-size
5097;;
5098;;
5099;data;/ietf-schc:schc/rule/inactivity-timer
5100;data;/ietf-schc:schc/rule/inactivity-timer/ticks-duration
5101;data;/ietf-schc:schc/rule/inactivity-timer/ticks-numbers
5102;data;/ietf-schc:schc/rule/l2-word-size
5103;data;/ietf-schc:schc/rule/max-ack-requests
5104;data;/ietf-schc:schc/rule/max-interleaved-frames
5105;data;/ietf-schc:schc/rule/maximum-packet-size
5106;data;/ietf-schc:schc/rule/rcs-algorithm
5107;data;/ietf-schc:schc/rule/retransmission-timer
5108;data;/ietf-schc:schc/rule/retransmission-timer/ticks-duration
5109;data;/ietf-schc:schc/rule/retransmission-timer/ticks-numbers
5110;data;/ietf-schc:schc/rule/ietf-schc-oam:proxy-behavior
5111;;
5112;;
5113;;
5114;;
5115;;
5116;data;/ietf-schc:schc/rule/tile-in-all-1
5117;data;/ietf-schc:schc/rule/tile-size
5118;;
5119;data;/ietf-schc:schc/rule/window-size
5120;;
5121;;
5122;;
5123;;
5124;;
5125;;
5126;;
5127;;
5128;;
5129;;
5130;identity;ack-behavior-after-all-0
5131;identity;ack-behavior-after-all-1
5132;identity;ack-behavior-base-type
5133;identity;ack-behavior-by-layer2
5134;identity;all-1-data-base-type
5135;identity;all-1-data-no
5136;identity;all-1-data-sender-choice
5137;identity;all-1-data-yes
5138;identity;cda-appiid
5139;identity;cda-base-type
5140;identity;cda-compute
5141;identity;cda-deviid
5142;identity;cda-lsb
5143;identity;cda-mapping-sent
5144;identity;cda-not-sent
5145;identity;cda-value-sent
5146;identity;di-base-type
5147;identity;di-bidirectional
5148;identity;di-down
5149;identity;di-up
5150;identity;fid-base-type
5151;identity;fid-coap-base-type
5152;identity;fid-coap-code
5153;identity;fid-coap-code-class
5154;identity;fid-coap-code-detail
5155;identity;fid-coap-mid
5156;identity;fid-coap-option
5157;identity;fid-coap-option-accept
5158;identity;fid-coap-option-block1
5159;identity;fid-coap-option-block2
5160;identity;fid-coap-option-content-format
5161;identity;fid-coap-option-etag
5162;identity;fid-coap-option-if-match
5163;identity;fid-coap-option-if-none-match
5164;identity;fid-coap-option-location-path
5165;identity;fid-coap-option-location-query
5166;identity;fid-coap-option-max-age
5167;identity;fid-coap-option-no-response
5168;identity;fid-coap-option-observe
5169;identity;fid-coap-option-oscore-flags
5170;identity;fid-coap-option-oscore-kid
5171;identity;fid-coap-option-oscore-kidctx
5172;identity;fid-coap-option-oscore-piv
5173;identity;fid-coap-option-proxy-scheme
5174;identity;fid-coap-option-proxy-uri
5175;identity;fid-coap-option-size1
5176;identity;fid-coap-option-size2
5177;identity;fid-coap-option-uri-host
5178;identity;fid-coap-option-uri-path
5179;identity;fid-coap-option-uri-port
5180;identity;fid-coap-option-uri-query
5181;identity;fid-coap-tkl
5182;identity;fid-coap-token
5183;identity;fid-coap-type
5184;identity;fid-coap-version
5185;identity;fid-ipv6-appiid
5186;identity;fid-ipv6-appprefix
5187;identity;fid-ipv6-base-type
5188;identity;fid-ipv6-deviid
5189;identity;fid-ipv6-devprefix
5190;identity;fid-ipv6-flowlabel
5191;identity;fid-ipv6-hoplimit
5192;identity;fid-ipv6-nextheader
5193;identity;fid-ipv6-payload-length
5194;identity;fid-ipv6-trafficclass
5195;identity;fid-ipv6-trafficclass-ds
5196;identity;fid-ipv6-trafficclass-ecn
5197;identity;fid-ipv6-version
5198;identity;fid-oscore-base-type
5199;identity;fid-udp-app-port
5200;identity;fid-udp-base-type
5201;identity;fid-udp-checksum
5202;identity;fid-udp-dev-port
5203;identity;fid-udp-length
5204;identity;fl-base-type
5205;identity;fl-token-length
5206;identity;fl-variable
5207;identity;fragmentation-mode-ack-always
5208;identity;fragmentation-mode-ack-on-error
5209;identity;fragmentation-mode-base-type
5210;identity;fragmentation-mode-no-ack
5211;identity;mo-base-type
5212;identity;mo-equal
5213;identity;mo-ignore
5214;identity;mo-match-mapping
5215;identity;mo-msb
5216;identity;nature-base-type
5217;identity;nature-compression
5218;identity;nature-fragmentation
5219;identity;nature-no-compression
5220;identity;rcs-algorithm-base-type
5221;identity;rcs-crc32
5222;feature;compression
5223;feature;fragmentation
5224;module;ietf-schc-oam
5225;identity;fid-icmpv6-base-type
5226;identity;fid-icmpv6-checksum
5227;identity;fid-icmpv6-code
5228;identity;fid-icmpv6-identifier
5229;identity;fid-icmpv6-sequence
5230;identity;fid-icmpv6-type
5231;identity;proxy-none
5232;identity;proxy-pingv6
5233;identity;proxy-schc-message
5234;identity;space-id-base-type
5235;identity;space-id-coap
5236;;
5237;;
5238;;
5239;;
5240;;
5241;;
5242;;
5243;;
5244;;
5245;;
5246;;
5247;;
5248;;
5249;;
5250;;
5251;;
5252;;
5253;;
5254;;
5255;;
5256;;
5257;;
5258;;
5259;;
5260;;
5261;;
5262;;
5263;;
5264;;
5265;;
5266;;
5267;;
5268;;
5269;;
5270;;
5271;;
5272;;
5273;;
5274;;
5275;;
5276;;
5277;;
5278;;
5279;;
5280;;
5281;;
5282;;
5283;;
5284;;
5285;;
5286;;
5287;;
5288;;
5289;;
5290;;
5291;;
5292;;
5293;;
5294;;
5295;;
5296;;
5297;;
5298;;
5299;;
5300;;
5301;;
5302;;
5303;;
5304;;
5305;;
5306;;
5307;;
5308;;
5309;;
5310;;
5311;;
5312;;
5313;;
5314;;
5315;;
5316;;
5317;;
5318;;
5319;;
5320;;
5321;;
5322;;
5323;;
5324;;
5325;;
5326;;
5327;;
5328;;
5329;;
5330;;
5331;;
5332;;
5333;;
5334;;
5335;;
5336;;
5337;;
5338;;
5339;;
5340;;
5341;;
5342;;
5343;;
5344;;
5345;;
5346;;
5347;;
5348;;
5349;;
5350;;
5351;;
5352;;
5353;;
5354;;
5355;;
5356;;
5357;;
5358;;
5359;;
5360;;
5361;;
5362;;
5363;;
5364;;
5365;;
5366;;
5367;;
5368;;
5369;;
5370;;
5371;;
5372;;
5373;;
5374;;
5375;;
5376;;
5377;;
5378;;
5379;;
5380;;
5381;;
5382;;
5383;;
5384;;
5385;;
5386;;
5387;;
5388;;
5389;;
5390;;
5391;;
5392;;
5393;;
5394;;
5395;;
5396;;
5397;;
5398;;
5399;;
5400;;
5401;;
5402;;
5403;;